"url","title","description","price","tags"
"https://www.fashor.com/products/ethnic-floral-foil-printed-embellished-maxi-dress-emerald-green","Ethnic Floral Foil Printed & Embellished Maxi Dress - Emerald Green","Style: Maxi - Paneled Neckline: Round Sleeve Pattern: Regular Sleeve Length: 3/4th Product Details Paneled Flared Dress Ethnic Floral Foil Prints all over maxi Highlighted with Gota & Beads Embellishment Styled with Golden Buttons Model’s Height: 5’7” ...",1349,"1000 - 2000,1001-2000,6175,All Styles,GREEN,KURTI,kurtis,meta-size-chart-,occ-Ethnic,Paneled Flare,pp-Floral,Products with discounts,RAYON,shape-FitandFlare"
"https://www.fashor.com/products/pink-emb-top-multi-plaids-pant","Minimal Embroidered Kurti with Checkered Palazzo Set - Candy Pink","Style – Kurta– Straight Cut; Bottom- Palazzo Neckline –Stand Collar Sleeve Pattern–Normal Sleeve Length – 3/4th Surface Design : Minimal Embroidered Left Panel Piping Finished Placket & Sleeves Hem Flower Engraved Wooden Buttoned Placket Subtle Checker...",1599,"1000 - 2000,All Styles,COTTON HANDLOOM,Kurta Sets,KURTI,kurtis,meta-size-chart-,New Arrivals,Pink,Premium Collection,STRAIGHT"
"https://www.fashor.com/products/floral-hand-embroidered-kurta-with-woven-striped-pant-turquoise","Floral Hand Embroidered Kurta with Woven Striped Pant - Turquoise","Style: Kurta - Straight Neckline: Mandrin Collar Sleeve Pattern: Regular Sleeve Length: 3/4th Product Details: Straight Fit Kurta Woven Texture all over the Fabric Floral Hand Embroidery around Yoke Highlighted with Beads Work Woven Striped Ankle Pant ...",929,"1000 - 2000,5083,All Styles,Blue,bogo-zone,Cotton,KURTI,kurtis,meta-size-chart-,occ-Fusion,offer-zone,ornm-ThreadWork,pp-Floral,Products with discounts,shape-Straight,STRAIGHT"
"https://www.fashor.com/products/ethnic-printed-embellished-flounce-dress-rust","Ethnic Printed & Embellished Flounce Dress - Rust","Style: Dress - Flounce Neckline: Round Sleeve Pattern: Regular Sleeve Length: 3/4th Product Details Flounce Flared Dress Ethnic Prints all over Dress Mix Printed Attached Jacket flap Crafted with Cutdana & Sequin Work Handmade Tassels at Front Tie-ups ...",2099,"2000 - 3000,7491,All Styles,Flounce,KURTI,kurtis,meta-size-chart-,occ-Party,pp-Floral,Products with discounts,Rayon,Rust,shape-Maxi"
"https://www.fashor.com/products/bandhani-floral-printed-maxi-with-solid-lining-maxi-off-white","Bandhani & Floral Printed Maxi With Solid Lining Maxi - Off White","Description Style: Maxi - A-Line Flare Neckline: Mandarin Collar Sleeve Pattern: Cuff Sleeves Sleeve Length: 3/4th Product Details A-Line Flare Maxi Dress Bandhani Prints all over the Yoke Fabric Buttons at Front Styled with Front Slit Comes with Solid...",1949,"1000 - 2000,4926,All Styles,Cotton,KURTI,kurtis,Maxi,meta-size-chart-,occ-Ethnic,Off White,pp-EthnicMotifs,Products with discounts,shape-FitandFlare"
"https://www.fashor.com/products/solid-hand-embroidered-kurta-with-sharara-dupatta-red","Solid Hand Embroidered Kurta With Sharara & Dupatta - Red","undefined",4199,"12224, above-3000, All Styles, embroidery, Georgette, KURTI, kurtis, M, meta-size-chart-, party-wear, Products with discounts, Red, sequins, solid, straight"
"https://www.fashor.com/products/foil-mirror-work-khaadi-cotton-unstitched-suit-set","Foil Mirror Work Khaadi Cotton Unstitched Suit Set","Unstitched Stand out in crowd with this stylish minimalistic mehendi green khaadi cotton unstitched suit set The suit is styled with black, maroon & white printed centre front yoke with printed piping It is embellished with foil mirror work & maroon to...",2199,"2000 - 3000,Black,Cotton,Green,Khaadi,Printed,UNSTITCHED,White"
"https://www.fashor.com/products/peach-w-emb","Designer Embroidery With Foil Mirror Work Kurta","Style – Kurti - Straight Neckline – Round, V-neck Sleeve Pattern - Normal Sleeve Length – 3/4th Surface Design : Designer embroidery on neckline Foil mirror work Embroidery on hemline and sleeve border Closure – Slip-On Style Tip – It can be paired wit...",899,"1000 - 2000,All Styles,bogo-zone,Cotton,KURTI,kurtis,meta-size-chart-,offer-zone,Peach"
"https://www.fashor.com/products/ethnic-chikankari-embroidered-straight-fit-kurta-deep-ink-blue","Ethnic Chikankari Embroidered Straight Fit Kurta – Deep Ink Blue","Style: Kurta - Straight Type: Everyday Wear/Office Wear Neckline: Round Neckline Sleeve Pattern: Cuff Sleeves Sleeve Length: 3/4th Sleeves Product Details: Straight Fit Kurta Ethnic Chikankari Embroidered all over Embellished with Sequin Work Style wit...",1199,"1001-2000,2XL,9156,All Styles,Blue,Everyday Wear,Georgette,KURTI,kurtis,L,meta-size-chart-,Office Wear,Products with discounts,single-kurta,STRAIGHT"
"https://www.fashor.com/products/floral-printed-hand-embroidered-straight-kurta-with-pant-dupatta-turquoise-blue","Floral Printed & Hand Embroidered Straight Kurta with Pant & Dupatta - Turquoise Blue","undefined",2999,"13034, 2001-3000, 3XL, All Styles, KURTI, kurtis, M, meta-size-chart-, Party Wear, Products with discounts, Silk, STRAIGHT, Turquoise"
"https://www.fashor.com/products/ditsy-floral-printed-cotton-kurta-with-mask-green","Ditsy Floral Printed Cotton Kurta with Mask – Green","Style: Kurta – Straight Neckline: Mandarin Collar Sleeve Pattern: Normal Sleeve Length: 3/4th Surface Design: Double Buttoned Placket Ditsy Floral Printed Kurta Paired with Matching Printed Mask Available Colors: Green & Pink Model’s Height: 5’7” ft. F...",429,"All Styles,Below 1000,bogo-zone,Green,KURTI,kurtis,meta-size-chart-,New Arrivals,offer-zone,Rayon,STRAIGHT,Under ₹1000 Store"
"https://www.fashor.com/products/leheriya-printed-hand-embroidered-straight-kurta-with-pant-dupatta-purple","Leheriya Printed & Hand Embroidered Straight Kurta with Pant & Dupatta - Purple","Highlights - Straight Fit Kurta - Hand Embroidered Yoke- Comes with Solid Matching DupattaOccasion: Party Fabric & Colour Top Colour: PurpleTop Fabric: Silk BlendBottom Colour: PurpleBottom Fabric: Silk BlendDupatta Colour: PurpleDupatta Fabric: Poly C...",4999,"13052,2XL,above-3000,embroidery,Envy Me,gota-patti,L,lehariya-print,M,party-wear,Purple,S,sequins,straight,XL"
"https://www.fashor.com/products/jacquard-chequered-chanderi-semi-stitched-suit-set","Jacquard Chequered Chanderi Semi-Stitched Suit Set","Look effortlessly chic & gorgeous in this splendid hand embroidered cream chanderi semi-stitched suit set The suit is adorned with woven chequered jacquard pattern all over It is styled with contrast mehendi green art silk collar & centre front placket...",2749,"2000 - 3000,Chanderi,Cream,Mehendi Green,Semi-Stitched"
"https://www.fashor.com/products/abstract-foil-printed-zari-dori-resham-embroidered-kurta-with-pants-black","Abstract & Foil Printed Zari Dori & Resham Embroidered Kurta With Pants - Black","undefined",1599,"1001-2000, 15043, 2XL, abstract-print, All Styles, black, embroidery, everyday-wear, KURTI, kurtis, L, M, meta-size-chart-, sequins, silk-blend, straight, XL"
"https://www.fashor.com/products/maroon-printed-stole-collar","Kalamkari Print Stitched Stole With Applique Work Cotton Kurti - Maroon","Style - A-line Neckline - V-Neckline Sleeve Pattern - Plain Sleeves Sleeve Length - ¾ Sleeves Surface Design : Flora baile printed round applique buti on the kurti Floral baile printed stitched stole on the neckline Potli latkans on the sides of the st...",2999,"2000 - 3000,COTTON HANDLOOM,KURTI,kurtis,Maroon,Premium Collection,Stole"
"https://www.fashor.com/products/ethnic-printed-flared-kurta-mix-printed-dupatta-with-stripe-printed-pant-2-ply-mask-navy-blue","Ethnic Printed Flared Kurta & Mix Printed Dupatta with Stripe Printed Pant & 2-Ply Mask - Navy Blue","Description Style: Kurta - Flared, Bottom - Pant Neckline: Round Sleeve Pattern: Regular Sleeves Sleeve Length: 3/4th Product Details A-line Flared kurta Ethnic Prints all over Flare Kurta Tie-Up tassels Around waistline Yoke Highlighted with Minimal G...",2199,"2000 - 3000,5027,All Styles,Cotton,Flared,KURTI,kurtis,meta-size-chart-,NAVY BLUE,occ-Fusion,ornm-GottaPatti,pp-EthnicMotifs,shape-Anarkali"
"https://www.fashor.com/products/lattice-ethnic-printed-embroidered-straight-kurta-blue","Lattice Ethnic Printed & Embroidered Straight Kurta – Blue","Style: Straight Neckline: Round Sleeve Pattern: Regular Sleeve Length: 3/4th Product Details: Straight Fit Kurta Lattice Ethnic Prints all over Highlighted with Gota Embroidery around Yoke Styled with Subtle Silhouettes Model’s Height: 5’7” ft Size: We...",859,"1000 - 2000,5108,All Styles,Blue,bogo-zone,KURTI,kurtis,meta-size-chart-,occ-Festive,offer-zone,ornm-GottaPatti,pp-EthnicMotifs,Products with discounts,shape-Straight,single-kurta,STRAIGHT,Viscose Rayon"
"https://www.fashor.com/products/floral-printed-kurta-with-printed-palazzo-peacock-blue","Floral Printed Kurta with Printed Palazzo – Peacock Blue","Style: Kurta - Straight, Bottom - Palazzo Neckline: Round Sleeve Pattern: Regular Sleeve Length: 3/4th Product Details Straight Fit kurta Dense Floral Booti Printed Kurta Floral Jaal Printed Yoke & Cuffs Enhanced with Temple Gota Paired with Floral Jaa...",1199,"1000 - 2000,1001-2000,6744,All Styles,Blue,Cotton,KURTI,kurtis,meta-size-chart-,occ-Fusion,pp-Floral,shape-Straight,STRAIGHT"
"https://www.fashor.com/products/copy-of-mother-of-pearl-button-tasselled-chequered-print-kurti-yellow","Mother-of-Pearl Button & Tasselled Chequered Print Kurti - Yellow","Mother-of-Pearl Button & Tasselled Chequered Print Kurti - Yellow The A-line kurti is adorned with chequered print all over It is detailed with mother-of-pearl buttons & loops on the centre front placket It is embellished with wooden beads & fringed ta...",899,"3/4th Sleeve,A-Line/Straight Cut,Abstract/Geometric Print,Below 1000,Embellished,KURTI,kurtis,Mandarin/Chinese,Maxi/Gowns,premium rayon,printed,Under ₹1000 Store,Yellow"
"https://www.fashor.com/products/lotus-printed-multi-paneled-maxi","Lotus Printed Multi Paneled Maxi","Style – Kurta– Maxi Neckline – Round Sleeve Pattern– Normal Sleeve Length– 3/4th Surface Design : Khari Printed & Paisley Embroidered Yoke Zari Running Stitched Neckline Lotus Printed & Contrast Multi Paneled Flare Back Neck Detailed with Dori & Geomet...",1449,"1000 - 2000,All Styles,bogo-zone,Green,KURTI,kurtis,Maxi,meta-size-chart-,offer-zone,Premium Collection,premium rayon"
"https://www.fashor.com/products/silver-buttoned-pleated-cotton-handloom-kurti","Silver Buttoned Pleated Cotton Handloom Kurti","Silver Buttoned Pleated Cotton Handloom Kurti The two toned kurti is detailed with patch pocket on the left front panel It is adorned with silver metal buttons on the centre front placket & centre back placket on the back hemline It is detailed with do...",1420,"2000 - 3000,COTTON HANDLOOM,KURTI,kurtis,Mustard,Premium Collection"
"https://www.fashor.com/products/leheriya-printed-sequin-embroidered-straight-fit-kurta-multi","Leheriya Printed & Sequin Embroidered Straight Fit Kurta – Multi","undefined",1199,"1000 - 2000, 1001-2000, 10818, 3XL, All Styles, checks-and-stripes, everyday-wear, KURTI, kurtis, lehariya-print, M, meta-size-chart-, multi, office-wear, plain-and-prints, Products with discounts, Rayon, S, sequins, single-kurta, straight"
"https://www.fashor.com/products/ethic-foil-printed-dual-toned-kurta-metallic-pink","Ethnic Foil printed Dual toned Kurta – Metallic Pink","Style: Kurta – Straight Neckline: Collar Sleeve Pattern: Flared sleeves Sleeve Length: 3/4th Product Details: Foil printed Kurta Metal buttoned placket Model’s Height: 5’7” ft. Fabric Details: Fabric: Kurta – Dupion silk Color: Kurta – Metallic Pink Wa...",849,"1000 - 2000,All Styles,bogo-zone,KURTI,kurtis,meta-size-chart-,New Arrivals,offer-zone,Pink,Silk,STRAIGHT"
"https://www.fashor.com/products/sea-blue-cotton-embroidered-kurti","Sea Blue Embroidered Cotton Kurti","kurti The straight cut kurti is embellished with golden zari & pink, peach & green resham thread embroidered floral buti on the front panel The neckline is accentuated with contrast peach & pink piping & loop buttons And the sleeves hem is finished wit...",624,"Below 1000,Blue,Cotton,Embroidery,KURTI,kurtis,Under ₹1000 Store,White"
"https://www.fashor.com/products/solid-embroidered-a-line-front-open-jacket-green","Winter Edition Solid Embroidered A-Line Front Open Jacket - Green","undefined",1549,"1001-2000, 12775, 2XL, A-line, All Styles, Everyday Wear, Green, KURTI, kurtis, L, M, meta-size-chart-, Office Wear, Party Wear, Products with discounts, Winter Wear, Wool Blend, XL"
"https://www.fashor.com/products/intense-cord-embroidered-designer-maxi-with-attached-jacket","Intense Cord Embroidered Designer Maxi with Attached Jacket","Style: Kurta – A-Line Neckline: Collar Sleeve Pattern: Ruffle Sleeves Sleeve Length: 3/4th Surface Design: Intense Cord Embroidered Yoke Embossed Foil Printed Mock Jacket Enhanced with Ruffle Sleeves Closure: Kurta– Slip On Available Colors: Juniper Gr...",1899,"1000 - 2000,A-line,All Styles,Green,Indo-Western,KURTI,kurtis,meta-size-chart-,New Arrivals,Premium Collection,PREMIUM MUSLIN"
"https://www.fashor.com/products/green-floral-print","Zari, Foil Mirror & Gota Temple Border Work Printed Cotton Kurti","Style - Straight Cut Neckline - Round Neckline Sleeve Pattern - Plain Sleeves Sleeve Length - ¾ Sleeves Surface Design : Floral plant buta & leaf buta printed all over Zari embroidered buttons on the centre front mock placket Gota temple border on the ...",810,"All Styles,Below 1000,Black,bogo-zone,Cotton,Green,KURTI,kurtis,meta-size-chart-,offer-zone,Under ₹1000 Store"
"https://www.fashor.com/products/bandhani-printed-embroidered-straight-fit-kurta-magenta","Bandhani Printed & Embroidered Straight Fit Kurta - Magenta","undefined",999,"11230, All Styles, Below 1000, Everyday Wear, KURTI, kurtis, L, Magenta, meta-size-chart-, occ-Daily, ornm-Zari, pp-Bandhani, Products with discounts, Rayon, shape-Straight, single-kurta, STRAIGHT, under-1000"
"https://www.fashor.com/products/floral-printed-resham-embroidered-kurta-with-pants-dupatta-black","Floral Printed Resham Embroidered Kurta With Pants & Dupatta - Black","undefined",3199,"12888, 2XL, above-3000, All Styles, Black, embroidery, everyday-wear, floral-print, KURTI, kurtis, M, meta-size-chart-, party-wear, Products with discounts, sequins, Silk, straight, XL"
"https://www.fashor.com/products/floral-printed-kantha-hand-embroidered-kurta-with-dupatta-squirrel-gray","Floral Printed & Kantha Hand Embroidered Kurta with Dupatta - Squirrel Gray","Style: Kurta - Straight Type: Party Wear Neckline: Round Neckline Sleeve Pattern: Cuff Sleeves Sleeve Length: 3/4th Product Details: Straight Fit Kurta Floral Prints all over Kantha Hand Embroidered at all over Embellished with Minimal Sequin Detailing...",1499,"1000 - 2000,1001-2000,10212,All Styles,bogo-zone,Chanderi,Gray,KURTI,kurtis,meta-size-chart-,occ-Festive,offer-zone,ornm-KanthaWork,Party Wear,pp-Floral,Products with discounts,shape-Straight,STRAIGHT"
"https://www.fashor.com/products/tile-printed-cotton-chevron-unstitched-suit-set-blue","Tile Printed Cotton Chevron Unstitched Suit Set - Blue","chevron unstitched suit Look classy in this smart white & blue cotton chevron unstitched suit set The vintage style tile printed suit is adorned with white acrylic chain stitch embroidered temple border on the hemline It is embellished with golden zari...",1549,"1000 - 2000,Blue,Chevron,Chiffon,Cotton,Embroidery,Ethnic,NAVY BLUE,Printed,UNSTITCHED,White"
"https://www.fashor.com/products/amethyst-pink-colored-ad-stone-stud-earrings","Amethyst pink - Colored Ad-stone Stud Earrings","Design Style - Stud Earrings Gemstone – Ad-stone Color – Golden, Amethyst pink Insert Style – Push back Dimension Weight – Light Weight Height – 1 inch Get Amethyst pink - Colored Ad-stone Stud Earrings!!",399,"Amethyst Pink,Below 500,Earrings,Pink,Stud Earring"
"https://www.fashor.com/products/ditsy-floral-printed-cotton-kurta-with-mask-pink","Ditsy Floral Printed Cotton Kurta with Mask – Pink","Style: Kurta – Straight Neckline: Mandarin Collar Sleeve Pattern: Normal Sleeve Length: 3/4th Surface Design: Double Buttoned Placket Ditsy Floral Printed Kurta Paired with Matching Printed Mask Available Colors: Green & Pink Model’s Height: 5’7” ft. F...",799,"All Styles,Below 1000,bogo-zone,KURTI,kurtis,meta-size-chart-,New Arrivals,offer-zone,Pink,Rayon,STRAIGHT,Under ₹1000 Store"
"https://www.fashor.com/products/ethnic-embroidered-straight-fit-short-kurti-rust","Ethnic Embroidered Straight Fit Short Kurti – Rust","undefined",599,"10612, 2XL, a-line, Below 1000, Crepe, discount-zone, ethnic-print, everyday-wear, KURTI, kurtis, meta-size-chart-, offer-zone, Office Wear, plain-and-prints, Products with discounts, Rust, sequins, single-kurta, solid, STRAIGHT, under-1000"
"https://www.fashor.com/products/intense-bead-work-embellished-layered-maxi","Intense Bead work Embellished Layered Maxi","Style: Kurta – Maxi Neckline: Round Sleeve Pattern: Ruffle Sleeve Length: 3/4th Surface Design: Intense Bead work Embellished Yoke Rhinestones Detailed Placket Elegant Gathered Flare with Front Slit Layered with Attached Flare & Polyester Lining Styliz...",2299,"2000 - 3000,All Styles,Georgette,Green,KURTI,kurtis,Maxi,meta-size-chart-,New Arrivals,Premium Collection"
"https://www.fashor.com/products/woven-striped-floral-embroidered-kurta-with-2-ply-mask-yellow","Woven Striped & Floral Embroidered Kurta with 2-Ply Mask - Yellow","undefined",469,"4222, All Styles, Below 1000, bogo-zone, Cotton, KURTI, kurtis, meta-size-chart-, New Arrivals, occ-Fusion, offer-zone, ornm-ThreadWork, pp-Striped, Products with discounts, shape-Straight, STRAIGHT, Under ₹1000 Store, under-1000, Yellow"
"https://www.fashor.com/products/solid-resham-zari-embroidered-kurta-navy-blue","Solid Resham & Zari Embroidered Kurta - Navy Blue","undefined",1199,"1001-2000, 12932, 2XL, All Styles, Everyday Wear, KURTI, kurtis, meta-size-chart-, single-kurta"
"https://www.fashor.com/products/floral-printed-straight-fit-kurta-with-pant-dupatta-yellow","Floral Printed Straight Fit Kurta with Pant & Dupatta - Yellow","undefined",1549,"1001-2000, 15432, 2XL, 3XL, All Styles, cotton, embroidery, everyday-wear, floral-print, KURTI, kurtis, meta-size-chart-, plain-and-prints, straight, XL, yellow"
"https://www.fashor.com/products/beads-resham-work-tasseled-kalamkari-style-printed-layered-yoke-kurti","Beads & Resham Work Tasseled Kalamkari Style Printed Layered Yoke Kurti","Style - Flared Neckline - Round Neckline Sleeve Pattern - Plain Sleeves Sleeve Length - ¾ Sleeves Surface Design : Solid dyed kurti with Kalamkari style printed multi layered cropped yoke Fringed tassels on the multi layered cropped yoke Beads & resham...",555,"1000 - 2000,KURTI,kurtis,premium rayon,Yellow"
"https://www.fashor.com/products/chevron-stripe-printed-straight-kurta-with-2-ply-matching-mask-green","Chevron Stripe Printed Straight Kurta with 2-Ply Matching Mask - Green","Style: Straight Neckline: Round Sleeve Pattern: Cuff Sleeves Sleeve Length: 3/4th Product Details: ● Straight Fit Kurta ● Chevron Stripes all over the Kurta ● Front Placket with Metal Buttons ● Multi Slit Kurta ● Slub Weave Texture all over ● Matching ...",319,"4515,All Styles,Below 1000,bogo-zone,Green,KURTI,kurtis,meta-size-chart-,occ-Fusion,offer-zone,pp-EthnicMotifs,Products with discounts,Rayon,shape-Straight,Slub rayon,STRAIGHT"
"https://www.fashor.com/products/texture-printed-asymmetric-hem-kurti-rust-red","Texture Printed Asymmetric Hem Kurti-Rust Red","Texture Printed Asymmetric Hem Kurti-Rust Red The texture printed kurti is adorned with golden & white pearl finish vintage buttons on the centre front placket It is detailed with turn up cuffs with magenta tabs & vintage style buttons on the sleeves I...",420,"3/4th Sleeve,Asymmetrical,Below 1000,Black,Cotton Rayon,Cream,Front Slit,KURTI,kurtis,Mandarin/Chinese,printed,Red,Roll-up Sleeves,RUST RED,Under ₹1000 Store,V-Neck"
"https://www.fashor.com/products/ikat-printed-embroidered-straight-kurta-with-ikat-printed-palazzo-valencia-pink","Ikat Printed & Embroidered Straight Kurta with Ikat Printed Palazzo – Valencia Pink","undefined",579,"1000 - 2000, 1001-2000, 3XL, 4847, All Styles, Cotton, KURTI, kurtis, meta-size-chart-, occ-Daily, ornm-MirrorWork, Pink, pp-EthnicMotifs, Products with discounts, shape-Straight, STRAIGHT, under-1000"
"https://www.fashor.com/products/floral-printed-embroidered-kurta-printed-pant-mustard","Floral Printed & Embroidered Kurta & Printed Pant - Mustard","Style: Kurta - Straight Neckline: Keyhole Sleeve Pattern: Regular Sleeves Sleeve Length: 3/4th Product Details Straight Fit Kurta Scattered Floral Prints all over Highlighted with Mirror & Zari Yoke Styled with Temple Gota Paired with Ethnic Printed Pa...",1229,"1000 - 2000,1001-2000,5935,All Styles,bogo-zone,KURTI,kurtis,meta-size-chart-,Mustard,occ-Fusion,offer-zone,ornm-Zari,pp-EthnicMotifs,Products with discounts,Rayon,shape-Straight,STRAIGHT"
"https://www.fashor.com/products/floral-embroidered-pin-striped-kurta-with-matching-mask-green","Floral Embroidered & Pin Striped Kurta with Matching Mask – Green","Style: Kurta – Straight Neckline: Round Sleeve Pattern: Gathered Sleeves Sleeve Length: 3/4th Surface Design: Floral Embroidered Yoke Pin Striped Prints All Over Comes with Matching printed Mask Available Colors: Green & Blue Model’s Height: 5’7” ft. F...",949,"All Styles,Below 1000,bogo-zone,Cotton,Green,Hot Sellers,KURTI,kurtis,meta-size-chart-,New Arrivals,occ-Daily,offer-zone,ornm-MirrorWork,pp-Embellished,Products with discounts,shape-Straight,Straight,Under ₹1000 Store,under-1000"
"https://www.fashor.com/products/resham-floral-baile-work-woven-geometric-buti-cotton-kurti","Resham Floral Baile Work Woven Geometric Buti Cotton Kurti","Resham Floral Baile Work Woven Geometric Buti Cotton Kurti Style - Flared Neckline - Round Neckline Sleeve Pattern - Plain Sleeves Sleeve Length - ¾ Sleeves Surface Design : Woven geometric buti on the front upper yoke Resham embroidered floral baile o...",1249,"1000 - 2000,cotton jacquard,Green,Indo-Western,KURTI,kurtis"
"https://www.fashor.com/products/floral-printed-flared-maxi-dress-with-hand-embroidered-belt-yellow","Floral Printed Flared Maxi Dress with Hand Embroidered Belt - Yellow","undefined",4999,"12521, above-3000, Envy Me, L, Products with discounts, Yellow"
"https://www.fashor.com/products/leheriya-printed-embroidered-straight-fit-kurta-pink-7","Leheriya Printed & Embroidered Straight Fit Kurta - Pink","undefined",649,"10673, 2XL, All Styles, discount-zone, Everyday Wear, KURTI, kurtis, M, meta-size-chart-, offer-zone, Pink, Products with discounts, Rayon, single-kurta, STRAIGHT, under-1000"
"https://www.fashor.com/products/ethnic-woven-straight-fit-kurta-maroon","Ethnic Woven Straight Fit Kurta - Maroon","undefined",999,"9994, All Styles, Below 1000, KURTI, kurtis, M, Maroon, meta-size-chart-, occ-Daily, Office Wear, pp-WovenDesign, Products with discounts, shape-Straight, Silk, single-kurta, STRAIGHT, under-1000"
"https://www.fashor.com/products/unstitched-red-foil-mirror-work-printed-chanderi-semi-stitched-suit-set-1","Foil Mirror Work Printed Chanderi Semi-Stitched Suit Set","unstitched Perfect combination of elegance & glamour! The cream chanderi semi-stitched suit set The suit is adorned with brown geometric print all over & golden zari border on the hemline It is embellished with foil mirror with cream resham edging work...",3549,"3000 - 4000,Chanderi,Cream,Geometric,Red,Semi-Stitched"
"https://www.fashor.com/products/abstract-embroidered-floral-running-stitchwork-kurta-with-pant-set-navy-blue","Abstract Embroidered Floral & Running Stitchwork Kurta with Pant Set - Navy Blue","Style – Straight Cut Neckline – Round Sleeve Pattern - Normal Sleeve Length – 3/4th Surface Design : Abstract embroidered flowers & running stitchwork, detailed with bead work adorn the upper front torso of the kurta Contrast piped bordered neckline an...",1199,"1000 - 2000,All Styles,COTTON BLEND,Kurta Sets,KURTI,kurtis,meta-size-chart-,NAVY BLUE,New Arrivals,offer-zone"
"https://www.fashor.com/products/ikat-printed-embellished-blouse-skirt-with-dupatta-deep-blue","Ikat Printed & Embellished Blouse & Skirt with Dupatta - Deep Blue","Style: Top - Blouse, Bottom - Skirt Neckline: Round Sleeve Pattern: No Sleeves Sleeve Length: No Sleeves Product Details: Short Top Blouse Ikat Prints all over Top Minimal Beads & Stone Embellishment Comes with Attachable Sleeves Paired with Contrast P...",2149,"2000 - 3000,2001-3000,7685,All Styles,Blouse,Blue,KURTI,kurtis,meta-size-chart-,Muslin Silk,occ-Festive,ornm-BeadsandStones,pp-EthnicMotifs,Products with discounts,shape-Straight"
"https://www.fashor.com/products/crystal-zari-art-silk-jacquard-gown-meganta","Crystal & Zari Art Silk & Jacquard Gown - Meganta","Pep up your wardrobe with this irresistible red printed art silk gown Jacquard upper yoke is detailed with loop lace on the centre front placket & sleeves placket The gown is embellished with golden zari, sequins & tikki embroidered floral, navy blue b...",4599,"4000 - 5000,art silk,Blue,Embroidery,Gown,Magenta,PARTY,xstol"
"https://www.fashor.com/products/bandhani-printed-embroidered-straight-kurta-with-pant-dupatta-yellow","Bandhani Printed & Embroidered Straight Kurta with Pant & Dupatta - Yellow","undefined",2249,"12940, 2001-3000, 2XL, 3XL, 4XL, 5XL, 6XL, All Styles, Chiffon, KURTI, kurtis, L, M, MAVERICK, meta-size-chart-, Party Wear, Products with discounts, STRAIGHT, XL, Yellow"
"https://www.fashor.com/products/pop-art-moustache-goggles-print-belted-cotton-kurti","Pop-art Moustache & Goggles Print Belted Cotton Kurti","Pop-art Moustache & Goggles Print Belted Cotton Kurti Style - Straight Cut Neckline - Round Neckline Sleeve Pattern - Plain Sleeves Sleeve Length - ¾ Sleeves Surface Design : Textured print kurti with pop-art Moustache & goggles print all over Matching...",536,"Below 1000,Cotton,KURTI,kurtis,Under ₹1000 Store,Yellow"
"https://www.fashor.com/products/ethnic-mirror-embroidered-printed-straight-kurta-spring-green","Ethnic Mirror Embroidered & Printed Straight Kurta - Spring Green","Style: Straight Neckline: Round Sleeve Pattern: Regular sleeves Sleeve Length: 3/4th Product Details: Straight Fit Kurta Ethnic Prints all over Kurta Mirror & Resham Embroidered Yoke Highlighted with Fabric Pleats at Sleeves Model’s Height: 5’7” ft Siz...",729,"1000 - 2000,6164,All Styles,bogo-zone,GREEN,KURTI,kurtis,meta-size-chart-,occ-Fusion,offer-zone,ornm-MirrorWork,pp-EthnicMotifs,Products with discounts,RAYON,shape-Straight,STRAIGHT,under-1000"
"https://www.fashor.com/products/tilak-printed-kurti-solid-pant-set","Tilak Printed Kurti & Solid Pant Set","Style: Kurta – Straight; Bottom – Pant Neckline: Collar Sleeve Pattern: Normal Sleeve Length: 3/4th Surface Design: Tilak Khari Printed Kurti Temple Gota Placket Paired with Solid Pant Closure: Kurta– Slip On Available Colors: Woodbine Green Style Tip:...",1899,"1000 - 2000,All Styles,bogo-zone,Cotton,Green,Kurta Sets,KURTI,kurtis,meta-size-chart-,offer-zone,Premium Collection,STRAIGHT"
"https://www.fashor.com/products/multi-color-mosaic-brooch-with-golden-khadi-print-cotton-anarkali-kurti","Multi Color Mosaic Brooch With Golden Khadi Print Cotton Anarkali Kurti","Style - Anarkali Neckline - Stand Collar Sleeve Pattern - Plain Sleeves Sleeve Length - ¾ Sleeves Surface Design : Zig-zag khadi printed front upper yoke Multi coloured mosaic brooch on the neckline Floral paisley khadi printed kali panels Paisley khad...",1200,"1000 - 2000,All Styles,Cotton,KURTI,kurtis,Off White,offer-zone"
"https://www.fashor.com/products/minimal-embroidered-foil-printed-maxi-dress-teal-blue","Minimal Embroidered & Foil Printed Maxi Dress - Teal Blue","undefined",699,"1000 - 2000, 4882, All Styles, Blue, bogo-zone, Cotton, KURTI, kurtis, Maxi, meta-size-chart-, occ-Ethnic, offer-zone, pp-Floral, Products with discounts, S, shape-FitandFlare, under-1000"
"https://www.fashor.com/products/resham-top-stitched-wooden-buttoned-cotton-jacquard-kurti-1","Resham Top Stitched & Wooden Buttoned Cotton Jacquard Kurti","Resham Top Stitched & Wooden Buttoned Cotton Jacquard Kurti The two-toned straight cut kurti is adorned with wooden buttons on the centre front placket It is embellished with resham embroidered triangle jaal on the centre front upper yoke It is finishe...",320,"All Styles,Below 1000,COTTON HANDLOOM,KURTI,kurtis,meta-size-chart-,offer-zone,Pink,Under ₹1000 Store"
"https://www.fashor.com/products/tie-dyed-spiral-batik-printed-panelled-cotton-kurti-1","Tie-Dyed & Spiral Batik Printed Panelled Cotton Kurti","Cotton Kurti tie-dyed texture printed kurti is adorned with spiral batik printed buti centre front panel It is detailed with red piping on the front seams & sleeves It is finished with red cord piping on the centre front placket Colors – Available in 2...",749,"Below 1000,Brown,Cotton,KURTI,kurtis,Orange,Tie - Dye,Under ₹1000 Store,White,Yellow"
"https://www.fashor.com/products/ikkat-printed-layered-jacket-set-yellow","Ikkat Printed Layered Jacket Set - Yellow","Look gorgeous with the classic beige, yellow, orange & grey Ikkat printed cotton jacket, embellished with orange antique stone buttons carved with kundan and golden wire on the centre front opening. This jacket is layered with beige straight cut kurti ...",2849,"PARTY"
"https://www.fashor.com/products/golden-studded-wooden-brooch-tasselled-printed-kurti","Golden Studded Wooden Brooch & Tasselled Printed Kurti","Golden Studded Wooden Brooch & Tasselled Printed Kurti The straight cut kurti is adorned with abstract printed buti & polka dots print all over It is detailed with matching buttons on the centre front placket It is embellished with golden studded woode...",390,"3/4th Sleeve,Below 1000,Grey,KURTI,kurtis,Mandarin/Chinese,premium rayon,Under ₹1000 Store,Yellow"
"https://www.fashor.com/products/floral-embroidered-yoke-kurta-mustard","Floral Embroidered Yoke Kurta - Mustard","Style: Kurta – Straight Neckline: Mandarin Collar Sleeve Pattern: Regular sleeves Sleeve Length: 3/4th Product Details: Floral Embroidered yoke with contrast button Placket kurta Styled with Curved hemline & Gathers on Sleeves Model’s Height: 5’7” ft. ...",569,"All Styles,Below 1000,bogo-zone,KURTI,kurtis,meta-size-chart-,Mustard,New Arrivals,offer-zone,Rayon,STRAIGHT,Under ₹1000 Store"
"https://www.fashor.com/products/black-w-group-birds-mirror-emb","Foil Mirror & Resham Work Bird Buta Printed Kurti","Style - Straight Cut Neckline - Stand Collar Sleeve Pattern - Plain Sleeves Sleeve Length - ¾ Sleeves Surface Design : Bird buta printed all over Coconut shell buttons on the centre front mock placket Resham tone-on-tone & foil mirror embroidered chakr...",599,"All Styles,Below 1000,Black,bogo-zone,KURTI,kurtis,meta-size-chart-,Multi-Colored,offer-zone,premium rayon,Under ₹1000 Store"
"https://www.fashor.com/products/short-kurti-with-hand-embroidery","Short Kurti with Hand Embroidery","Style: Kurta – short Neckline: Collar Sleeve Pattern: Normal Sleeve Length: 3/4th Surface Design: Hand Floral Embroidery Straight Short KurtI Kantha Woven Fabric Closure: Kurta– Slip On Available Colors: Indigo Style Tip: It can be paired with Matching...",599,"All Styles,Below 1000,Blue,Indo-Western,kantha woven fabric,KURTI,kurtis,meta-size-chart-,New Arrivals,short,Under ₹1000 Store"
"https://www.fashor.com/products/flared-tiered-sharara-1","Flared Tiered Sharara","Style - Flared Sharara Flared single tiered sharara pants Elasticated waistband with drawstring on the waistline Closure – Zipper Elasticated Hook & eye Drawstring opening on the waistline Colors – Available in 6 Colors – Navy Blue, Black, Grey, Cerule...",519,"Below 1000,Bottom,Bottomwear,JUNIPER GREEN,meta-size-chart-,PREMIUM SLUB RAYON,Products with discounts,under-1000,XS"
"https://www.fashor.com/products/woven-striped-floral-embroidered-straight-kurta-sea-green","Woven Striped & Floral Embroidered Straight Kurta - Sea Green","Description Style: Kurta - Straight Neckline: Keyhole Sleeve Pattern: Cuff Sleeves Sleeve Length: 3/4th Product Details Straight Fit Kurta Ethnic Floral Embroidery around Yoke Woven Striped all over the Kurta Styled with Subtle silhouette Highlighted w...",709,"5640,All Styles,Below 1000,bogo-zone,Green,KURTI,kurtis,meta-size-chart-,occ-Fusion,offer-zone,ornm-ThreadWork,pp-Striped,Rayon,shape-Straight,single-kurta,STRAIGHT"
"https://www.fashor.com/products/floral-hand-embroidered-striped-straight-kurta-moss-green","Floral Hand Embroidered Striped Straight Kurta - Moss Green","Style: Kurta - Straight Neckline: Round Sleeve Pattern: Regular Sleeves Sleeve Length: 3/4th Product Details Straight Fit Kurta Woven Striped all over Ethnic Zari Embroidery at yoke Styled with Gota Patti work & Embellishments Model’s Height: 5’7” ft S...",1199,"1000 - 2000,1001-2000,6571,All Styles,bogo-zone,Green,KURTI,kurtis,meta-size-chart-,occ-Fusion,offer-zone,ornm-Zari,pp-Striped,Products with discounts,Rayon,shape-Straight,single-kurta,STRAIGHT"
"https://www.fashor.com/products/embellished-a-line-kurta-with-printed-dupatta-rust","Embellished A-Line Kurta with Printed Dupatta - Rust","Style: Kurta – A-Line Neckline: Round Sleeve Pattern: Regular Sleeve Length: 3/4th Product Details: Heavy Embellished Yoke on A-Line Kurta Comes with Ethnic Printed Dupatta Model’s Height: 5’7” ft. Fabric Details: Fabric: Kurta – Muslin, Dupatta - Chan...",1679,"2000 - 3000,A-line,All Styles,bogo-zone,Kurta Sets,KURTI,kurtis,meta-size-chart-,muslin,New Arrivals,offer-zone,Premium Collection,Rust,single-kurta"
"https://www.fashor.com/products/ethnic-printed-kurta-with-patiala-pant-and-dupatta-garnet-red-1","Ethnic Printed Kurta with Patiala Pant and Dupatta - Garnet Red","Style: Kurta - Kurta, Bottom - Patiala Pant Neckline: Round Sleeve Pattern: Regular sleeves Sleeve Length: 3/4th Product Details: Straight Fit Kurta Ethnic Mixed Printed Kurta Gota Embroidery at yoke Enhanced with Sequin Detailing Paired with Printed P...",1599,"1000 - 2000,1001-2000,7654,All Styles,Cotton,Kurta,KURTI,kurtis,meta-size-chart-,occ-Fusion,ornm-Sequinned,pp-EthnicMotifs,Red,shape-Straight"
"https://www.fashor.com/products/ethnic-printed-embroidered-straight-fit-kurta-with-pants-black","Ethnic Printed & Embroidered Straight Fit Kurta with Pants - Black","undefined",1799,"1000 - 2000, 1001-2000, 11389, All Styles, Black, Cotton, Everyday Wear, Kurta Sets, KURTI, kurtis, L, M, meta-size-chart-, Products with discounts, STRAIGHT, XL"
"https://www.fashor.com/products/white-w-gold-print-layer-yoke-kali","Sequins Embellished Khari Printed Anarkali","Style – Kurta – Anarkali Neckline – Round Sleeve Pattern – Normal Sleeve Length – 3/4th Surface Design : Sequins Embellished Yoke Piping Finished Neckline Aesthetic Golden Buttons with Stones Foil Mughal Printed Alternate Panels Closure – Kurta – Slip-...",1399,"1000 - 2000,All Styles,Anarkali,bogo-zone,dummy,KURTI,kurtis,meta-size-chart-,Off White,offer-zone,Premium Collection,PREMIUM COTTON"
"https://www.fashor.com/products/zari-embroidered-kurta-sharara-with-dupatta-deep-maroon","Zari Embroidered Kurta & Sharara with Dupatta - Deep Maroon","Style: Kurta - Straight, Bottom - Sharara Neckline: Round Sleeve Pattern: Cuff Sleeves Sleeve Length: 3/4th Product Details: Straight Fit Kurta Ethnic Foil Printed Striped Festive Zari Embroidered Yoke Crafted with Foil Mirror work Teamed with Printed ...",3299,"3000 - 4000,7621,above-3000,All Styles,KURTI,kurtis,Maroon,meta-size-chart-,occ-Festive,ornm-Zari,pp-EthnicMotifs,Products with discounts,Rayon,shape-Straight,Straight"
"https://www.fashor.com/products/bandhani-printed-embroidered-straight-kurta-black","Bandhani Printed & Embroidered Straight Kurta - Black","Style: Straight Neckline: Round Sleeve Pattern: Cuff Sleeves Sleeve Length: 3/4th Product Details: Straight Fit Kurta Chevron Bandhani Print all over Front Placket with Embellished Tassels Zari Heavy Embroidery around Cuffs Highlighted with Sequin Work...",2699,"2000 - 3000,4543,All Styles,Black,KURTI,kurtis,meta-size-chart-,muslin,occ-Festive,ornm-Zardozi,pp-Bandhani,Products with discounts,shape-Straight,STRAIGHT"
"https://www.fashor.com/products/chequered-printed-cotton-kurti-green","Chequered Printed Cotton Kurti - Dark Sea Green","Cotton black polka dotted chequered printed kurti is detailed with brass buttons on the centre front placket The straight cut panelled kurti is styled with pockets on the side panels It is adorned with turn up cuffs with brass buttoned tabs on the slee...",580,"Below 1000,Black,Chequered,Cotton,Green,KURTI,kurtis,Long,Printed,sea green,Under ₹1000 Store"
"https://www.fashor.com/products/cord-embroidered-chalk-striped-kurti-black","Cord Embroidered & Chalk Striped Kurti – Black","Style: Kurta – Straight Cut Neckline: Round Sleeve Pattern: Normal Sleeve Length: 3/4th Surface Design: Chalk Striped Prints All Over Cord Embroidered Detailing Closure: Kurta– Slip On Available Colors: Navy Blue & Black Style Tip: It can be paired wit...",1199,"1000 - 2000,All Styles,Black,bogo-zone,Cotton,KURTI,kurtis,meta-size-chart-,offer-zone"
"https://www.fashor.com/products/resham-sequined-printed-jacket-cotton-kurti-brown","Resham & Sequined Printed Jacket & Cotton Kurti - Brown","Resham & Sequined Printed Jacket & Cotton Kurti - Brown The spade printed inner kurti is layered with abstract printed jacket style upper kurti The upper jacket is detailed with spade printed upper yoke, front placket & border on sleeves It is embellis...",800,"1000 - 2000,Brown,Cotton,Cream,KURTI,kurtis,White"
"https://www.fashor.com/products/ethnic-stripes-printed-embroidered-straight-fit-kurta-multi-1","Ethnic Stripes Printed & Embroidered Straight Fit Kurta - Multi","undefined",1199,"1000 - 2000, 1001-2000, 10319, 2XL, All Styles, Cotton, Everyday Wear, KURTI, kurtis, L, M, Maverick2, meta-size-chart-, multi, occ-Daily, ornm-MirrorWork, pp-Striped, Products with discounts, shape-Straight, single-kurta, STRAIGHT, XL"
"https://www.fashor.com/products/abstract-printed-tassel-cotton-kurti","Abstract Printed Tassel Cotton Kurti","Cotton Kurti panelled kurti is adorned with abstract printed front panel & leaf buti printed side panels & sleeves It is detailed with geometric printed front shoulder yoke with red & white resham top stitching It is embellished with golden & white but...",925,"Below 1000,Cotton,Grey,kurtas,KURTI,kurtis,Prussian blue,Under ₹1000 Store"
"https://www.fashor.com/products/floral-hakoba-zari-resham-work-kurta","Floral Hakoba Zari Resham Work Kurta","Style - Straight Cut Neckline - Round Sleeve Pattern - Normal (with zari resham work border) Sleeve Length - 3/4th Surface Design : Zari Resham work at the upper, centre front panel Floral Hakoba on the front, side panels and sleeves Zari resham border...",920,"1000 - 2000,All Styles,Cotton,KURTI,kurtis,L,meta-size-chart-,offer-zone,RUST BROWN,under-1000"
"https://www.fashor.com/products/stripes-printed-tiered-flared-midi-dress-with-embroidered-jacket-multi","Stripes Printed Tiered Flared Midi Dress with Embroidered Jacket - Multi","Style: Dress - Tiered Type: Everyday Wear Neckline: Mandarin Collar Sleeve Pattern: Regular Sleeves Sleeve Length: 3/4th Product Details: Tiered Flared Midi Dress Stripes Prints all over Lurex Stripes all over Teamed with Chikankari Embroidered Short J...",2149,"11101,2000 - 3000,2001-3000,All Styles,Cotton,Everyday Wear,KURTI,kurtis,L,meta-size-chart-,multi,occ-Party,pp-EthnicMotifs,Products with discounts,shape-FitandFlare,Tiered"
"https://www.fashor.com/products/chevron-gota-pin-tucked-chanderi-kurti-cyan","Chevron Gota & Pin Tucked Chanderi Kurti – Cyan","Style – Kurta– Straight Cut Neckline – Stand Collar Sleeve Pattern– Normal Sleeve Length – 3/4th Surface Design : Chevron Gota Lace Worked Detailing French Knot & Kundan Stoned Placket Zardosi & Chain Embroidered Outline Pin Tucked Highlights All Over ...",2049,"2000 - 3000,All Styles,Blue,bogo-zone,Chanderi,KURTI,kurtis,meta-size-chart-,offer-zone,Premium Collection,STRAIGHT"
"https://www.fashor.com/products/floral-thread-worked-pin-checkered-kurti","Floral Thread Worked & Pin Checkered Kurti","Style: Kurta – Straight Cut Neckline: Stand Collar Sleeve Pattern: Ruffle Sleeves Sleeve Length: 3/4th Surface Design: Pin Checkered Prints All Over Floral Thread work Detailing French Knot & Running Stitched Highlights Enhanced with Ruffle Sleeves Clo...",799,"All Styles,Below 1000,Cotton,Green,Hot Sellers,KURTI,kurtis,meta-size-chart-,New Arrivals,STRAIGHT,Under ₹1000 Store"
"https://www.fashor.com/products/bandhani-printed-mirror-embroidered-kurta-with-pants-lehriya-dupatta-fuchsia","Bandhani Printed Mirror Embroidered Kurta With Pants & Lehriya Dupatta - Fuchsia","undefined",2399,"13278, 2001-3000, All Styles, bandhini-print, cotton, embroidery, everyday-wear, fuchsia, KURTI, kurtis, lace, M, meta-size-chart-, mirror-work, sequins, straight, XL"
"https://www.fashor.com/products/flora-printed-minimal-hand-embroidered-kurta-orange","Flora Printed & Minimal Hand Embroidered Kurta - Orange","Style: Straight Neckline: Round Sleeve Pattern: Regular Sleeves Sleeve Length: 3/4th Product Details: Straight Fit Kurta Floral Prints all over the Kurta Minimal Textured Fabric Highlighted with Sequin & Temple Gota Embroidery Model’s Height: 5’7” ft S...",699,"4719,All Styles,Below 1000,Cotton,KURTI,kurtis,meta-size-chart-,occ-Fusion,Orange,ornm-Sequins,pp-EthnicMotifs,Products with discounts,shape-Straight,STRAIGHT"
"https://www.fashor.com/products/ethnic-embroidered-straight-fit-kurta-deep-wine","Ethnic Embroidered Straight Fit Kurta - Deep Wine","undefined",1049,"1000 - 2000, 1001-2000, 9281, All Styles, Everyday Wear, KURTI, kurtis, meta-size-chart-, occ-Daily, Office Wear, ornm-Sequins, pp-EthnicMotifs, Rayon, shape-Straight, single-kurta, STRAIGHT, Wine"
"https://www.fashor.com/products/autumn-leaf-printed-a-line-maxi-mustard","Autumn Leaf Printed A-Line Maxi – Mustard","Style: Kurta – Maxi Neckline: Stand Collar Sleeve Pattern: Normal Sleeve Length: 3/4th Surface Design: Autumn Leaf Prints All Over Gold Buttons Enhanced Placket Bias Cut Detailed A-Line Flare Closure: Kurta– Slip On Available Colors: Mustard, Navy Blue...",719,"1000 - 2000,All Styles,bogo-zone,KURTI,kurtis,Maxi,meta-size-chart-,offer-zone,Premium Collection,Rayon,under-1000,Yellow"
"https://www.fashor.com/products/foil-mirror-resham-work-box-pleated-kurti","Foil Mirror & Resham Work Box Pleated Kurti","Style - Flared Neckline - Shirt Collar Sleeve Pattern - Plain Sleeves Sleeve Length - ¾ Sleeves Surface Design : Resham running stitch on the shirt collar Silver seashell buttons on the centre front mock placket Foil mirror embroidered buti on the fron...",1080,"1000 - 2000,All Styles,Blue,KURTI,kurtis,meta-size-chart-,offer-zone,VISCOSE CREPE"
"https://www.fashor.com/products/ethnic-woven-stripes-a-line-flared-kurta-grey","Ethnic Woven Stripes A-Line Flared Kurta - Grey","undefined",1249,"1001-2000, 14153, 2XL, a-line, All Styles, checks-and-stripes, cotton, everyday-wear, grey, KURTI, kurtis, L, M, meta-size-chart-, office-wear, plain-and-prints, single-kurta, XL"
"https://www.fashor.com/products/floral-enamelled-pearl-drop-chandelier-earrings-1","Floral Enamelled Pearl Drop Chandelier Earrings","Design Style – Chandelier Drop Earrings Gemstone – Ad-Crystal, Pearl Color – Golden, Blue, Champagne, White Insert Style – Push Back Dimension Height – 2.2 Inches Weight – Light Weight",699,"ad-crystal,Below 1000,Blue,champagne,Golden,pearl,White"
"https://www.fashor.com/products/lurex-woven-tiered-flared-maxi-dress-with-handcrafted-ombre-dyed-jacket-rust-orange","Lurex Woven Tiered Flared Maxi Dress with Handcrafted & Ombre Dyed Jacket - Rust Orange","Description Style: Maxi - Tiered Neckline: Mandarin Collar Sleeve Pattern: Regular Sleeves Sleeve Length: 3/4th Product Details Tiered Flare Maxi Dress Lurex Weave all over Ombre Dyed Effect all over Comes with Cut work Handcrafted Jacket Tie-Ups aroun...",1129,"1001-2000,2000 - 3000,4684,All Styles,bogo-zone,Cotton,KURTI,kurtis,Maxi,meta-size-chart-,occ-Party,offer-zone,pp-Floral,Products with discounts,Rust,shape-FitandFlare"
"https://www.fashor.com/products/floral-embroidered-printed-kurta-black","Floral Embroidered & Printed Kurta - Black","Style: Straight Neckline: Round Sleeve Pattern: Regular Sleeves Sleeve Length: 3/4th Product Details: Straight Fit Kurta Ethnic Floral Prints all over Kurta Floral Embroidery at Yoke Highlighted with Zari & Mirror Work Styled with Subtle Silhouette Mod...",409,"1000 - 2000,5785,All Styles,Black,bogo-zone,KURTI,kurtis,meta-size-chart-,Muslin,occ-Fusion,offer-zone,ornm-ThreadWork,pp-EthnicMotifs,Products with discounts,shape-Straight,STRAIGHT"
"https://www.fashor.com/products/semi-stitched-suit-1","Heavily Embroidered Semi-Stitched Suit","Look gorgeous in this heavily embroidered georgette semi-stitched suit. The kurta is embellished with a fusion of intricate embroidery done using resham thread, mirror work, cut-daana, crystal stones and kundan stones. The kurta is finely detailed with...",4399,"UNSTITCHED"
"https://www.fashor.com/products/abstract-floral-embroidered-kurti-schiffli-embroidered-pant-set-yellow","Abstract Floral Embroidered Kurti & Schiffli Embroidered Pant Set - Yellow","Style: Kurta – Straight Cut; Bottom – Straight Pant Neckline: Round Sleeve Pattern: Normal Sleeve Length: 3/4th Surface Design: Abstract Floral Embroidered Yoke Geometric Hakoba Lace Enhanced Flare Paired with Schiffli Embroidered Pant Closure: Kurta– ...",1999,"1000 - 2000,All Styles,Cotton,Kurta Sets,KURTI,kurtis,meta-size-chart-,New Arrivals,Premium Collection,STRAIGHT,Yellow"
"https://www.fashor.com/products/ethnic-printed-embroidered-kurta-peach","Ethnic Printed & Embroidered Kurta - Peach","undefined",1299,"1000 - 2000, 1001-2000, 7761, All Styles, KURTI, kurtis, meta-size-chart-, Muslin Silk, occ-Fusion, ornm-ThreadWork, Peach, pp-EthnicMotifs, Products with discounts, S, shape-Straight, single-kurta, Straight"
"https://www.fashor.com/products/off-white-multi-colored-printed-cotton-anarkali","Off-White & Multi-Colored Printed Cotton Anarkali","Anarkali off-white & multi-colored printed cotton anarkali has eye catching prints all over The empire yoke of the kurti is embellished with mirror foil work & red resham edging Style Tip – Pair it with ankle length pants or leggings for a perfect ethn...",1399,"1000 - 2000,Above 1000,Anarkali,Blue,Cotton,KURTI,kurtis,Long,Orange,Premium Collection,White"
"https://www.fashor.com/products/ethnic-printed-embroidered-straight-kurta-with-pant-dupatta-burgundy","Ethnic Printed & Embroidered Straight Kurta with Pant & Dupatta - Burgundy","undefined",2699,"12242, 2001-3000, 2XL, All Styles, burgundy, embroidery, everyday-wear, KURTI, kurtis, L, meta-size-chart-, muslin-silk, party-wear, plain-and-prints, solid, straight"
"https://www.fashor.com/products/ethnic-printed-resham-sequins-embroidered-kurta-with-pants-printed-dupatta-dark-grey","Ethnic Printed Resham & Sequins Embroidered Kurta With Pants & Printed Dupatta - Dark Grey","undefined",2799,"13256, 2001-3000, 2XL, 3XL, abstract-print, All Styles, embroidery, ethnic-print, everyday-wear, grey, KURTI, kurtis, M, meta-size-chart-, office-wear, sequins, straight, tussar-silk"
"https://www.fashor.com/products/floral-embroidered-striped-kurta-with-minimal-embroidered-pant-cream","Floral Embroidered & Striped Kurta with Minimal Embroidered Pant - Cream","Style: Kurta - Straight, Bottom - Pant Neckline: Mandarin Collar Sleeve Pattern: Cuff Sleeves Sleeve Length: 3/4th Product Details: Straight Fit Kurta Woven Stripes all over Floral Embroidery around Yoke Highlighted with Mirror work Multi Slit Kurta Fr...",1199,"1000 - 2000,4207,All Styles,Cream,Kurta Sets,KURTI,kurtis,meta-size-chart-,New Arrivals,occ-Festive,ornm-ThreadWork,pp-Floral,Products with discounts,shape-Straight,STRAIGHT,Viscose Rayon"
"https://www.fashor.com/products/navy-blue-golden-khadi-printed-cotton-kurti-3","Golden Khadi Printed Cotton Kurti","Kurti The long A-line kurti is styled with panelled jacket style upper layer on the front The inner kurti & sleeves are adorned with barfi motif golden khadi print The upper jacket style layer is adorned with golden khadi printed floral buti The kurti ...",1049,"1000 - 2000,Above 1000,Blue,Cotton,KURTI,kurtis,NAVY BLUE"
"https://www.fashor.com/products/gota-lace-ornamented-cotton-anarkali-kurti","Gota Lace Ornamented Cotton Anarkali Kurti","Gota Lace Ornamented Cotton Anarkali Kurti The anarkali kurti is adorned with golden gota lace jaal embroidery on the front upper yoke It is embellished with golden gota lace & golden zari shimmer border on the sleeves It is finished with golden gota l...",1849,"1000 - 2000,Cotton,KURTI,kurtis,Off White,Premium Collection"
"https://www.fashor.com/products/solid-mirror-sequins-embroidered-cape-style-sleeved-flared-dress-yellow","Solid Mirror & Sequins Embroidered Cape Style Sleeved Flared Dress - Yellow","Highlights - Solid Empire Cut Flared Dress- Sequins & Resham Embroidered Draped Cape Sleeves- Cutdana, Resham & Hotfix Embroidered Shoulder- Mirror, Cutdana, Resham & Hotfix Embroidered Waistline- Conceal Zip Oening on the Side - Gathered Waistline Sid...",4199,"14038,above-3000,All Styles,embroidery,envy-me,fit-and-flare,georgette,KURTI,kurtis,meta-size-chart-,mirror-work,party-wear,sequins,solid,yellow"
"https://www.fashor.com/products/floral-printed-embroidered-straight-kurta-with-pants-cream","Floral Printed & Embroidered Straight Kurta with Pants - Cream","undefined",1169,"1000 - 2000, 1001-2000, 10833, 2XL, 3XL, All Styles, Cotton, Cream, discount-zone, Everyday Wear, KURTI, kurtis, meta-size-chart-, occ-Daily, offer-zone, ornm-Zari, pp-EthnicMotifs, Products with discounts, shape-Straight, STRAIGHT, XL"